City_ID,City,Lat,Lng,Max Temp,Humidity,Cloudiness,Wind Speed,Country,Date
0,galesong,-5.3166,119.3661,86.02,73,100,12.46,ID,1672628706
1,flinders,-34.5833,150.8552,83.17,59,1,8.01,AU,1672628706
2,san ignacio,17.1561,-89.0714,70.21,99,22,3.47,BZ,1672628442
3,srednekolymsk,67.45,153.6833,-34.29,98,99,5.7,RU,1672628707
4,peniche,39.3558,-9.3811,53.92,64,69,12.64,PT,1672628707
5,saint george,37.1041,-113.5841,45.25,85,100,10.36,US,1672628708
6,vaini,-21.2,-175.2,78.96,89,75,6.91,TO,1672628708
7,rikitea,-23.1203,-134.9692,77.76,75,100,11.05,PF,1672628708
8,bredasdorp,-34.5322,20.0403,65.52,92,21,10.83,ZA,1672628709
9,hobart,-42.8794,147.3294,82.27,78,40,14.97,AU,1672628709
10,digras,20.1167,77.7167,66.24,50,0,5.91,IN,1672628710
11,ponta do sol,32.6667,-17.1,64.0,82,100,5.84,PT,1672628710
12,punta arenas,-53.15,-70.9167,50.11,61,92,25.72,CL,1672628592
13,aquin,18.2833,-73.4,73.11,83,1,1.68,HT,1672628711
14,kapaa,22.0752,-159.319,79.12,77,0,9.22,US,1672628711
15,bethel,41.3712,-73.414,44.96,73,100,3.44,US,1672628711
16,mar del plata,-38.0023,-57.5575,66.09,88,100,5.99,AR,1672628575
17,sambava,-14.2667,50.1667,74.35,84,19,3.51,MG,1672628712
18,ahipara,-35.1667,173.1667,72.0,59,100,16.04,NZ,1672628712
19,cape town,-33.9258,18.4232,72.37,69,0,8.01,ZA,1672628713
20,severo-kurilsk,50.6789,156.125,27.37,93,100,20.29,RU,1672628713
21,pahrump,36.2083,-115.9839,44.65,57,34,13.0,US,1672628713
22,manga,11.6636,-1.0731,64.6,18,4,8.37,BF,1672628714
23,bahia honda,22.9036,-83.1592,73.81,87,91,8.43,CU,1672628714
24,gonaives,19.45,-72.6833,73.24,84,6,7.31,HT,1672628715
25,fallon,39.4735,-118.7774,30.07,80,40,8.05,US,1672628715
26,hithadhoo,-0.6,73.0833,81.52,71,99,11.65,MV,1672628605
27,buala,-8.145,159.5921,83.37,80,87,10.94,SB,1672628716
28,kavieng,-2.5744,150.7967,84.65,67,76,4.63,PG,1672628438
29,ape,57.5393,26.6929,27.72,96,16,4.03,LV,1672628716
30,hilo,19.7297,-155.09,76.24,83,75,5.75,US,1672628666
31,mgachi,51.05,142.2667,-5.04,80,37,9.22,RU,1672628717
32,georgetown,5.4112,100.3354,84.13,68,20,10.36,MY,1672628450
33,nanortalik,60.1432,-45.2371,8.33,67,2,14.2,GL,1672628603
34,hermanus,-34.4187,19.2345,69.8,82,9,15.23,ZA,1672628717
35,evensk,61.95,159.2333,-11.74,76,1,7.92,RU,1672628718
36,ushuaia,-54.8,-68.3,47.86,71,75,17.27,AR,1672628718
37,mataura,-46.1927,168.8643,77.74,38,92,5.26,NZ,1672628719
38,nouadhibou,20.931,-17.0347,69.58,56,0,14.43,MR,1672628719
39,tasiilaq,65.6145,-37.6368,1.56,53,0,9.51,GL,1672628719
40,albany,42.6001,-73.9662,37.58,86,33,2.57,US,1672628720
41,wamba,8.9333,8.6,66.09,32,92,4.27,NG,1672628441
42,jamestown,42.097,-79.2353,42.03,75,100,5.75,US,1672628720
43,yellowknife,62.456,-114.3525,-16.89,100,25,4.56,CA,1672628557
44,whitianga,-36.8333,175.7,65.39,74,100,17.27,NZ,1672628721
45,kloulklubed,7.0419,134.2556,79.3,81,100,20.96,PW,1672628721
46,carnarvon,-24.8667,113.6333,81.07,54,6,18.14,AU,1672628722
47,puerto ayora,-0.7393,-90.3518,72.55,96,18,7.0,EC,1672628722
48,praia,14.9215,-23.5087,73.2,79,100,11.74,CV,1672628722
49,montevideo,-34.8335,-56.1674,72.52,81,100,1.99,UY,1672628503
50,klaksvik,62.2266,-6.589,29.32,51,82,8.46,FO,1672628723
51,salinas,36.6777,-121.6555,52.83,80,40,3.44,US,1672628723
52,akdepe,42.0551,59.3788,30.99,93,19,9.22,TM,1672628724
53,pisco,-13.7,-76.2167,69.03,78,100,3.13,PE,1672628613
54,vostok,46.4856,135.8833,-8.01,92,100,12.39,RU,1672628724
55,cardston,49.2,-113.3019,17.4,83,6,8.41,CA,1672628725
56,nome,64.5011,-165.4064,12.27,79,0,5.75,US,1672628725
57,akhtanizovskaya,45.32,37.1,50.47,87,26,15.61,RU,1672628725
58,ilinskoye-khovanskoye,56.9718,39.7684,28.31,85,66,15.14,RU,1672628726
59,arraial do cabo,-22.9661,-42.0278,75.06,88,40,10.36,BR,1672628691
60,jackson,42.4165,-122.8345,38.66,85,100,3.0,US,1672628439
61,lindi,-10.0,39.7167,71.98,96,68,2.68,TZ,1672628726
62,vila franca do campo,37.7167,-25.4333,57.61,70,78,10.33,PT,1672628727
63,porto novo,6.4965,2.6036,71.58,51,27,3.24,BJ,1672628487
64,tsimlyansk,47.6461,42.1019,44.01,88,67,22.01,RU,1672628727
65,butaritari,3.0707,172.7902,81.88,72,100,15.14,KI,1672628728
66,kashi,39.4547,75.9797,19.65,52,5,0.29,CN,1672628728
67,ust-tsilma,65.441,52.1498,10.15,94,100,10.31,RU,1672628728
68,bongandanga,1.5,21.05,70.72,76,94,1.63,CD,1672628729
69,port alfred,-33.5906,26.891,65.17,92,14,11.88,ZA,1672628729
70,road town,18.4167,-64.6167,77.09,73,1,15.86,VG,1672628729
71,saint-philippe,-21.3585,55.7679,76.59,79,71,1.79,RE,1672628730
72,busselton,-33.65,115.3333,76.96,35,0,7.29,AU,1672628730
73,olivet,47.8622,1.8991,57.11,87,100,12.66,FR,1672628730
74,mochishche,55.1586,83.1229,1.8,96,99,9.17,RU,1672628731
75,castro,-24.7911,-50.0119,62.4,93,6,4.52,BR,1672628731
76,hualmay,-11.0964,-77.6139,69.96,82,90,9.51,PE,1672628732
77,kangaatsiaq,68.3065,-53.4641,-0.58,96,100,5.35,GL,1672628732
78,comodoro rivadavia,-45.8667,-67.5,62.46,36,0,24.16,AR,1672628733
79,uglovskoye,51.3557,80.1942,4.95,93,72,8.16,RU,1672628733
80,praia da vitoria,38.7333,-27.0667,58.75,81,79,14.7,PT,1672628535
81,brae,60.3964,-1.353,39.96,67,99,8.37,GB,1672628733
82,kodiak,57.79,-152.4072,38.71,100,100,8.05,US,1672628734
83,fortuna,40.5982,-124.1573,43.14,94,0,1.01,US,1672628598
84,kamenka,51.3223,42.7678,42.19,92,100,19.82,RU,1672628734
85,new norfolk,-42.7826,147.0587,81.91,45,98,3.0,AU,1672628734
86,caravelas,-17.7125,-39.2481,73.96,90,98,5.08,BR,1672628735
87,kaitangata,-46.2817,169.8464,67.06,60,51,10.09,NZ,1672628735
88,sept-iles,50.2001,-66.3821,14.88,81,91,8.46,CA,1672628458
89,erenhot,43.6475,111.9767,10.74,50,1,8.79,CN,1672628736
90,port elizabeth,-33.918,25.5701,67.32,94,13,8.01,ZA,1672628523
91,barrow,71.2906,-156.7887,6.82,85,100,12.66,US,1672628663
92,tazovskiy,67.4667,78.7,-13.18,100,97,4.9,RU,1672628736
93,zyryanka,65.75,150.85,-38.49,95,60,7.23,RU,1672628737
94,harper,4.375,-7.7169,76.26,77,0,1.52,LR,1672628737
95,san juan,-31.5375,-68.5364,76.23,29,0,10.63,AR,1672628614
96,dongsheng,39.8161,109.9776,17.49,45,7,2.62,CN,1672628737
97,mount isa,-20.7333,139.5,85.77,66,96,12.66,AU,1672628738
98,cherskiy,68.75,161.3,-46.8,99,59,4.99,RU,1672628738
99,sangar,63.9242,127.4739,-39.08,99,94,2.1,RU,1672628739
100,barcelos,41.5388,-8.6151,48.92,85,14,2.8,PT,1672628739
101,nikolskoye,59.7035,30.7861,28.8,81,8,12.82,RU,1672628739
102,thinadhoo,0.5333,72.9333,80.58,76,100,11.7,MV,1672628740
103,kahului,20.8947,-156.47,78.82,72,75,12.66,US,1672628740
104,qaanaaq,77.484,-69.3632,1.11,61,100,5.21,GL,1672628740
105,sitka,57.0531,-135.33,44.49,70,100,24.16,US,1672628741
106,tecoanapa,16.5167,-98.75,77.18,76,99,6.02,MX,1672628741
107,provideniya,64.3833,-173.3,-1.26,78,0,11.97,RU,1672628741
108,chokurdakh,70.6333,147.9167,-25.2,100,100,3.58,RU,1672628742
109,grindavik,63.8424,-22.4338,32.47,80,75,20.71,IS,1672628742
110,bluff,-46.6,168.3333,63.27,64,99,5.12,NZ,1672628743
111,andra,62.5147,65.8878,-4.79,98,100,16.2,RU,1672628743
112,kuna,43.4918,-116.4201,33.28,85,0,9.22,US,1672628743
113,shihezi,44.3,86.0333,6.39,89,29,3.04,CN,1672628744
114,chuy,-33.6971,-53.4616,72.36,84,100,2.04,UY,1672628744
115,tuatapere,-46.1333,167.6833,68.09,60,100,8.66,NZ,1672628744
116,ulaangom,49.9811,92.0667,-10.77,96,100,1.3,MN,1672628745
117,penalva,-3.2942,-45.1736,73.08,97,68,3.09,BR,1672628653
118,kulhudhuffushi,6.6221,73.07,80.06,72,100,9.93,MV,1672628745
119,flin flon,54.7682,-101.865,-5.6,100,82,3.18,CA,1672628746
120,namatanai,-3.6667,152.4333,85.03,67,99,5.44,PG,1672628746
121,ambulu,-8.345,113.6058,84.78,67,97,5.35,ID,1672628747
122,sakakah,29.9697,40.2064,48.52,59,97,12.64,SA,1672628747
123,redlands,34.0556,-117.1825,51.3,92,54,2.82,US,1672628620
124,blagoyevo,63.3667,47.9167,30.69,96,100,8.16,RU,1672628748
125,kruisfontein,-34.0033,24.7314,62.89,87,76,7.18,ZA,1672628748
126,majene,-3.5403,118.9707,86.07,62,100,9.35,ID,1672628748
127,petatlan,17.5167,-101.2667,72.99,83,100,3.65,MX,1672628749
128,sarkand,45.41,79.9186,19.71,70,66,7.05,KZ,1672628749
129,luderitz,-26.6481,15.1594,64.94,86,25,11.23,NA,1672628749
130,saint-georges,12.0564,-61.7485,75.76,84,21,11.3,GD,1672628750
131,new castle,41.0037,-80.347,49.28,97,100,3.44,US,1672628750
132,rocha,-34.4833,-54.3333,70.7,86,100,6.53,UY,1672628750
133,vila velha,-20.3297,-40.2925,76.95,94,40,3.44,BR,1672628751
134,tezonapa,18.6092,-96.6917,71.1,87,94,2.1,MX,1672628751
135,meaford,44.6001,-80.583,38.25,96,99,11.34,CA,1672628751
136,ribeira grande,38.5167,-28.7,59.77,76,82,18.01,PT,1672628752
137,tuktoyaktuk,69.4541,-133.0374,-9.0,90,10,15.66,CA,1672628609
138,trairi,-3.2778,-39.2689,78.69,82,100,8.46,BR,1672628653
139,monrovia,6.3005,-10.7969,76.59,80,2,1.01,LR,1672628752
140,haines junction,60.7522,-137.5108,15.28,99,100,1.54,CA,1672628753
141,rovinj,45.08,13.64,53.42,87,86,0.51,HR,1672628597
142,atuona,-9.8,-139.0333,78.3,78,7,18.77,PF,1672628753
143,inverness,57.4791,-4.224,35.51,95,43,10.36,GB,1672628754
144,nishihara,26.1842,127.7558,65.86,59,75,11.5,JP,1672628754
145,khatanga,71.9667,102.5,-12.59,96,100,10.85,RU,1672628754
146,pevek,69.7008,170.3133,-35.12,99,99,3.58,RU,1672628755
147,abha,18.2164,42.5053,50.25,71,0,0.0,SA,1672628755
148,carman,49.4992,-98.0016,5.27,96,43,4.38,CA,1672628755
149,kapit,2.0167,112.9333,86.29,64,96,1.95,MY,1672628756
150,talnakh,69.4865,88.3972,-13.11,82,100,6.33,RU,1672628756
151,port-gentil,-0.7193,8.7815,79.75,79,100,7.18,GA,1672628757
152,agirish,61.9247,63.0231,-2.18,96,100,10.94,RU,1672628757
153,san patricio,28.017,-97.5169,71.83,96,32,13.89,US,1672628757
154,bandarbeyla,9.4942,50.8122,76.51,73,53,21.43,SO,1672628758
155,tuy hoa,13.0833,109.3,72.63,85,100,11.9,VN,1672628758
156,mahebourg,-20.4081,57.7,78.26,83,40,3.44,MU,1672628520
157,margate,51.3813,1.3862,45.9,94,100,1.01,GB,1672628530
158,palimbang,6.2106,124.1894,84.43,69,88,5.5,PH,1672628758
159,gresham,45.4982,-122.4315,40.87,93,0,9.22,US,1672628759
160,xichang,27.8964,102.2634,42.78,92,99,3.76,CN,1672628759
161,lastoursville,-0.8143,12.7287,73.44,90,100,0.83,GA,1672628760
162,san quintin,30.4833,-115.95,57.72,62,21,20.18,MX,1672628760
163,arlit,18.7369,7.3853,55.29,28,0,5.77,NE,1672628761
164,san lorenzo,-25.3333,-57.5333,88.74,48,75,6.91,PY,1672628761
165,bengkulu,-3.8004,102.2655,80.65,71,99,3.49,ID,1672628761
166,kisanga,-7.4362,37.7034,70.12,93,30,1.81,TZ,1672628762
167,asosa,10.0667,34.5333,63.39,63,76,4.09,ET,1672628762
168,itarema,-2.9248,-39.9167,79.02,82,100,11.25,BR,1672628762
169,adre,13.4667,22.2,59.34,37,0,16.08,TD,1672628763
170,ploemeur,47.7333,-3.4333,50.95,94,75,6.91,FR,1672628763
171,rio hato,8.3833,-80.1667,76.78,87,5,6.76,PA,1672628764
172,sulangan,11.1373,123.7228,79.59,83,88,11.54,PH,1672628764
173,deputatskiy,69.3,139.9,-21.86,98,100,3.89,RU,1672628765
174,mercedes,-34.6515,-59.4307,65.79,94,27,8.93,AR,1672628765
175,samarai,-10.6167,150.6667,85.06,68,100,9.98,PG,1672628765
176,ancud,-41.8697,-73.8203,52.05,80,58,4.88,CL,1672628766
177,shingu,33.7333,135.9833,53.4,42,10,11.07,JP,1672628766
178,dikson,73.5069,80.5464,-16.98,100,100,6.35,RU,1672628766
179,vao,-22.6667,167.4833,77.88,71,0,16.75,NC,1672628767
180,duyun,26.2667,107.5167,42.06,86,100,4.97,CN,1672628767
181,broken hill,-31.95,141.4333,98.67,23,69,13.49,AU,1672628767
182,bocana de paiwas,12.7857,-85.1227,69.93,96,9,4.65,NI,1672628768
183,martinez,38.0194,-122.1341,56.5,55,0,3.0,US,1672628768
184,salalah,17.0151,54.0924,75.29,41,0,10.36,OM,1672628768
185,platanos,37.6667,21.6167,50.56,60,0,4.97,GR,1672628769
186,houma,29.5958,-90.7195,69.01,96,100,5.75,US,1672628513
187,yegorlykskaya,46.5656,40.6562,45.66,86,75,21.0,RU,1672628770
188,uribia,11.7139,-72.266,76.62,81,0,9.71,CO,1672628770
189,avarua,-21.2078,-159.775,82.45,89,75,6.91,CK,1672628771
190,airai,-8.9266,125.4092,68.88,77,100,7.2,TL,1672628771
191,codrington,-38.2667,141.9667,70.72,63,17,12.21,AU,1672628771
192,portland,45.5234,-122.6762,41.29,93,88,3.0,US,1672628403
193,leningradskiy,69.3833,178.4167,-32.28,96,50,4.7,RU,1672628772
194,katsuura,35.1333,140.3,49.3,40,20,8.05,JP,1672628613
195,ormara,25.2088,64.6357,66.4,33,6,16.26,PK,1672628772
196,tabou,4.423,-7.3528,76.19,76,0,0.67,CI,1672628773
197,kenai,60.5544,-151.2583,35.1,89,100,18.41,US,1672628773
198,verkhniy uslon,55.7701,48.9823,32.22,99,100,10.22,RU,1672628773
199,alyangula,-13.8483,136.4192,86.7,68,100,17.16,AU,1672628774
200,santa ines,-3.6667,-45.38,72.97,97,81,4.0,BR,1672628559
201,leshukonskoye,64.8989,45.7622,17.76,97,100,2.48,RU,1672628774
202,bambous virieux,-20.3428,57.7575,78.22,83,40,3.44,MU,1672628775
203,watertown,42.3709,-71.1828,43.7,71,100,11.5,US,1672628746
204,astana,51.1801,71.446,19.35,93,100,11.18,KZ,1672628605
205,segezha,63.7415,34.3222,30.38,87,100,18.7,RU,1672628775
206,shahabad,27.65,79.95,52.84,50,0,1.9,IN,1672628776
207,saint-joseph,-21.3667,55.6167,75.58,79,40,0.87,RE,1672628776
208,tiksi,71.6872,128.8694,-24.41,99,99,4.88,RU,1672628776
209,carros,43.7894,7.184,51.73,88,40,8.05,FR,1672628777
210,kaeo,-35.1,173.7833,71.33,70,100,17.49,NZ,1672628777
211,longyearbyen,78.2186,15.6401,31.84,69,75,23.02,SJ,1672628596
212,mitu,1.1983,-70.1733,71.47,97,100,1.32,CO,1672628778
213,zaraza,9.3503,-65.3245,75.43,83,63,7.74,VE,1672628778
214,soyo,-6.1349,12.3689,76.5,86,100,5.66,AO,1672628779
215,lamu,-2.2717,40.902,75.76,82,4,9.37,KE,1672628779
216,coihaique,-45.5752,-72.0662,48.81,96,98,8.48,CL,1672628649
217,namibe,-15.1961,12.1522,72.88,73,100,5.28,AO,1672628780
218,hirara,24.8,125.2833,67.42,78,100,22.03,JP,1672628780
219,mwanza,-2.5167,32.9,67.57,63,25,9.1,TZ,1672628780
220,pangai,-19.8,-174.35,81.59,80,94,16.78,TO,1672628781
221,marawi,7.9986,124.2928,78.13,68,85,5.79,PH,1672628781
222,gouyave,12.1646,-61.7296,75.88,83,15,14.07,GD,1672628781
223,yulara,-25.2406,130.9889,96.71,29,83,17.13,AU,1672628782
224,iquitos,-3.7481,-73.2472,73.44,88,100,8.05,PE,1672628782
225,iqaluit,63.7506,-68.5145,-7.08,97,100,3.56,CA,1672628783
226,laoag,18.1989,120.5936,84.11,74,75,2.3,PH,1672628783
227,glubokiy,48.5217,40.3258,45.41,85,84,15.32,RU,1672628783
228,labuhan,-6.8844,112.2051,83.17,75,100,19.06,ID,1672628784
229,san carlos de bariloche,-41.1456,-71.3082,48.34,57,100,10.18,AR,1672628603
230,mango,27.9797,-82.3065,69.06,84,0,0.0,US,1672628784
231,thompson,55.7435,-97.8558,-12.26,100,43,2.89,CA,1672628683
232,ilulissat,69.2167,-51.1,-3.98,65,100,19.57,GL,1672628785
233,norman wells,65.282,-126.8329,-2.13,94,100,6.64,CA,1672628785
234,byron bay,-28.65,153.6167,80.94,59,1,11.92,AU,1672628786
235,suluq,31.6682,20.2521,53.31,85,0,7.92,LY,1672628786
236,port hedland,-20.3167,118.5667,93.25,52,100,10.36,AU,1672628559
237,coquimbo,-29.9533,-71.3436,64.92,82,12,1.7,CL,1672628597
238,whakatane,-37.9585,176.9854,71.89,73,100,5.99,NZ,1672628787
239,capoterra,39.1763,8.9718,55.53,93,0,2.3,IT,1672628787
240,port pirie,-33.1833,138.0167,83.46,42,0,16.89,AU,1672628788
241,jucas,-6.5253,-39.5275,77.77,59,100,2.17,BR,1672628788
242,harlingen,26.1906,-97.6961,73.06,98,40,11.5,US,1672628303
243,ewa beach,21.3156,-158.0072,78.75,69,100,10.36,US,1672628788
244,cabedelo,-6.9811,-34.8339,79.47,84,86,9.57,BR,1672628789
245,husavik,66.0449,-17.3389,22.77,76,100,18.95,IS,1672628789
246,esperance,-33.8667,121.9,67.59,55,15,12.84,AU,1672628789
247,svetlyy,54.675,20.1347,46.45,92,100,7.47,RU,1672628790
248,kargasok,59.0556,80.8572,-10.73,97,100,1.52,RU,1672628790
249,polewali,-3.4324,119.3435,87.03,54,100,3.58,ID,1672628791
250,geraldton,-28.7667,114.6,90.01,25,0,19.57,AU,1672628791
251,rafai,4.95,23.9167,68.04,46,0,3.65,CF,1672628791
252,chumikan,54.7183,135.315,-14.33,80,39,22.84,RU,1672628792
253,grand gaube,-20.0064,57.6608,78.39,74,24,2.42,MU,1672628640
254,muncar,-8.4333,114.3333,86.13,65,79,2.17,ID,1672628792
255,imbituba,-28.24,-48.6703,72.63,96,38,11.97,BR,1672628793
256,mossendjo,-2.9506,12.7261,69.04,99,100,1.92,CG,1672628793
257,talara,-4.5772,-81.2719,70.56,73,0,14.97,PE,1672628793
258,lata,40.1629,-8.3327,48.33,87,60,3.0,PT,1672628794
259,matara,5.9485,80.5353,76.24,78,100,5.03,LK,1672628575
260,wad madani,14.4012,33.5199,69.6,23,51,13.49,SD,1672628794
261,benalla,-36.55,145.9833,84.58,45,100,8.59,AU,1672628795
262,tungor,53.3808,142.9564,-10.79,81,62,16.08,RU,1672628795
263,cabinda,-5.55,12.2,75.56,90,100,5.84,AO,1672628795
264,baherden,38.4362,57.4316,39.79,61,7,3.98,TM,1672628796
265,goya,-29.14,-59.2626,71.92,94,9,4.21,AR,1672628796
266,vestmannaeyjar,63.4427,-20.2734,39.65,58,100,22.79,IS,1672628796
267,olafsvik,64.8945,-23.7142,37.58,66,100,27.98,IS,1672628689
268,santiago,-33.4569,-70.6483,72.28,45,0,3.33,CL,1672628450
269,saint-pierre,-21.3393,55.4781,76.68,61,0,9.22,RE,1672628797
270,bambanglipuro,-7.95,110.2833,83.88,70,99,14.12,ID,1672628797
271,yar-sale,66.8333,70.8333,-30.57,100,22,6.87,RU,1672628798
272,katherine,-14.4667,132.2667,77.32,88,75,16.11,AU,1672628702
273,luanda,-8.8368,13.2343,76.86,83,100,4.56,AO,1672628798
274,lorengau,-2.0226,147.2712,85.05,69,47,5.99,PG,1672628799
275,harbour breton,47.4833,-55.7983,37.04,89,100,17.92,CA,1672628799
276,torbay,47.6666,-52.7314,37.89,97,100,5.01,CA,1672628799
277,asekeyevo,53.5742,52.7972,32.31,98,100,19.42,RU,1672628800
278,kieta,-6.2167,155.6333,85.82,66,100,10.0,PG,1672628800
279,lompoc,34.6391,-120.4579,53.78,86,75,18.41,US,1672628585
280,nelson bay,-32.7167,152.15,80.65,65,0,3.0,AU,1672628801
281,colac,-38.3333,143.5833,82.17,39,26,12.37,AU,1672628801
282,roald,62.5833,6.1333,34.09,69,75,6.91,NO,1672628801
283,brive-la-gaillarde,45.25,1.5,58.84,19,100,6.6,FR,1672628802
284,sheridan,44.8333,-106.9173,30.31,84,100,0.0,US,1672628738
285,bowen,-20.0167,148.2333,84.43,59,17,20.31,AU,1672628802
286,van,38.4924,43.3831,20.55,73,20,4.61,TR,1672628803
287,cosala,24.4125,-106.6908,61.9,78,39,0.72,MX,1672628803
288,mahibadhoo,3.7833,72.9667,79.83,68,21,11.14,MV,1672628804
289,saldanha,-33.0117,17.9442,64.72,85,0,4.9,ZA,1672628804
290,camopi,3.1655,-52.3158,71.35,100,98,1.88,GF,1672628804
291,lebu,-37.6167,-73.65,55.51,80,0,15.28,CL,1672628805
292,wanning,18.8003,110.3967,65.59,84,100,15.64,CN,1672628805
293,dingle,10.9995,122.6711,81.91,79,100,12.35,PH,1672628806
294,invermere,50.5167,-116.0354,11.1,98,61,1.25,CA,1672628806
295,ostrovnoy,68.0531,39.5131,21.45,93,100,14.41,RU,1672628806
296,upernavik,72.7868,-56.1549,-16.1,90,99,5.32,GL,1672628807
297,cidreira,-30.1811,-50.2056,73.17,93,97,21.21,BR,1672628807
298,rundu,-17.9333,19.7667,65.28,88,84,5.88,NA,1672628807
299,farafangana,-22.8167,47.8333,74.82,83,100,4.23,MG,1672628808
300,okhotsk,59.3833,143.3,-5.04,76,100,20.04,RU,1672628808
301,san fernando,15.0286,120.6898,89.33,54,44,11.74,PH,1672628808
302,ossora,59.2353,163.0719,-3.73,92,100,5.86,RU,1672628809
303,gizo,-8.103,156.8419,85.03,70,91,10.27,SB,1672628809
304,qui nhon,13.7667,109.2333,73.26,80,100,17.4,VN,1672628776
305,naze,28.3667,129.4833,60.69,59,43,9.44,JP,1672628525
306,iisalmi,63.5592,27.1907,27.01,88,7,10.67,FI,1672628810
307,olinda,-8.0089,-34.8553,80.33,74,40,9.22,BR,1672628810
308,paita,-5.0892,-81.1144,69.6,75,100,13.8,PE,1672628811
309,port lincoln,-34.7333,135.8667,70.45,65,4,17.18,AU,1672628811
310,cockburn town,21.4612,-71.1419,78.04,76,0,16.44,TC,1672628811
311,chapais,49.7834,-74.8492,17.38,98,98,2.59,CA,1672628812
312,kilindoni,-7.9139,39.6668,80.69,74,22,8.41,TZ,1672628812
313,bathsheba,13.2167,-59.5167,77.61,78,40,16.11,BB,1672628813
314,ciudad bolivar,8.1222,-63.5497,76.55,76,100,10.49,VE,1672628813
315,ivanteyevka,55.9711,37.9208,35.26,83,82,13.6,RU,1672628813
316,haradok,55.4624,29.9816,34.23,95,100,8.81,BY,1672628814
317,burnie,-41.0667,145.9167,78.94,65,100,6.33,AU,1672628814
318,atambua,-9.1061,124.8925,78.31,83,100,9.22,ID,1672628814
319,todos santos,23.45,-110.2167,68.67,80,58,6.46,MX,1672628815
320,miandrivazo,-19.5167,45.4667,74.73,87,100,0.31,MG,1672628815
321,tocopilla,-22.092,-70.1979,68.92,75,33,5.61,CL,1672628815
322,victoria,22.2855,114.1577,70.2,69,96,11.99,HK,1672628645
323,sawakin,19.1059,37.3321,75.63,81,96,15.43,SD,1672628816
324,hami,42.8,93.45,21.72,53,89,1.9,CN,1672628816
325,camacha,33.0833,-16.3333,58.42,72,20,4.61,PT,1672628705
326,carutapera,-1.195,-46.02,75.31,94,100,5.75,BR,1672628817
327,crossville,35.949,-85.0269,54.23,91,44,1.99,US,1672628558
328,san jose,37.3394,-121.895,54.36,64,40,5.75,US,1672628281
329,arki,31.15,76.9667,49.26,76,0,0.0,IN,1672628693
330,terrace,54.5163,-128.6035,32.47,95,100,1.39,CA,1672628817
331,faanui,-16.4833,-151.75,81.18,74,32,11.25,PF,1672628818
332,belem de sao francisco,-8.7539,-38.9658,77.5,70,90,15.46,BR,1672628818
333,patacamaya,-17.2333,-67.9167,48.78,83,73,4.76,BO,1672628819
334,palmer,42.1584,-72.3287,41.32,80,100,5.75,US,1672628819
335,nagua,19.3832,-69.8474,72.41,87,3,3.02,DO,1672628819
336,aqtobe,50.2797,57.2072,30.29,100,100,13.42,KZ,1672628819
337,natal,-5.795,-35.2094,77.65,100,40,5.75,BR,1672628820
338,poya,-21.35,165.15,81.14,63,42,7.25,NC,1672628821
339,willowmore,-33.2926,23.4895,65.64,65,14,7.76,ZA,1672628821
340,kasongo-lunda,-6.4667,16.8167,68.13,99,100,1.05,CD,1672628822
341,bilma,18.6853,12.9164,53.19,38,0,8.1,NE,1672628823
342,warmbad,-28.45,18.7333,79.59,16,99,6.76,NA,1672628823
343,yabassi,4.457,9.9682,74.19,90,100,1.79,CM,1672628824
344,buchanan,5.8808,-10.0467,76.03,84,5,1.1,LR,1672628824
345,fairbanks,64.8378,-147.7164,19.6,86,0,0.0,US,1672628700
346,sao felix do xingu,-6.6447,-51.995,70.84,98,47,0.69,BR,1672628825
347,tambacounda,13.7539,-13.7586,74.44,15,62,7.54,SN,1672628825
348,bend,44.0582,-121.3153,30.67,87,20,4.61,US,1672628826
349,port augusta,-32.5,137.7667,89.1,29,0,18.3,AU,1672628826
350,bilibino,68.0546,166.4372,-36.87,100,91,1.07,RU,1672628826
351,umm lajj,25.0213,37.2685,69.1,67,0,10.85,SA,1672628827
352,hovd,48.0056,91.6419,-2.96,92,96,1.86,MN,1672628827
353,cozumel,20.5083,-86.9458,77.07,86,0,4.0,MX,1672628827
354,meadow lake,34.8014,-106.5436,51.12,70,100,27.54,US,1672628828
355,mehriz,31.5917,54.4318,27.1,59,94,1.95,IR,1672628828
356,elko,41.0002,-115.5012,26.62,77,100,13.0,US,1672628829
357,sumenep,-7.0167,113.8667,82.78,80,100,22.12,ID,1672628829
358,sao miguel do araguaia,-13.275,-50.1628,72.63,91,77,3.33,BR,1672628829
359,trincomalee,8.5711,81.2335,79.79,63,86,14.52,LK,1672628830
360,itaituba,-4.2761,-55.9836,70.57,99,99,1.41,BR,1672628830
361,harbin,45.75,126.65,5.05,76,3,8.97,CN,1672628830
362,aykhal,66.0,111.5,-14.6,94,99,5.14,RU,1672628831
363,bassar,9.25,0.7833,65.86,21,8,3.67,TG,1672628831
364,auki,-8.7676,160.7034,82.56,81,100,10.16,SB,1672628831
365,asau,46.4333,26.4,34.72,72,9,6.31,RO,1672628832
366,kirakira,-10.4544,161.9205,80.49,85,100,9.4,SB,1672628832
367,batsfjord,70.6345,29.7185,31.78,100,75,2.3,NO,1672628832
368,chiradzulu,-15.6746,35.1407,60.64,95,4,1.79,MW,1672628833
369,ngunguru,-35.6167,174.5,67.28,67,100,21.21,NZ,1672628833
370,dunedin,-45.8742,170.5036,59.81,95,23,16.69,NZ,1672628834
371,saint-francois,46.4154,3.9054,58.44,55,0,18.41,FR,1672628557
372,saskylakh,71.9167,114.0833,-13.68,100,99,3.6,RU,1672628834
373,miri,4.4148,114.0089,81.16,81,100,1.19,MY,1672628835
374,puerto baquerizo moreno,-0.9,-89.6,71.92,91,3,10.11,EC,1672628835
375,cap-aux-meules,47.3821,-61.8597,32.05,93,100,24.16,CA,1672628821
376,east london,-33.0153,27.9116,67.08,88,17,10.58,ZA,1672628836
377,richards bay,-28.783,32.0377,63.34,91,0,5.06,ZA,1672628836
378,nazas,25.2333,-104.1333,62.1,37,5,8.63,MX,1672628837
379,vardo,70.3705,31.1107,33.78,93,100,20.71,NO,1672628837
380,launceston,-41.45,147.1667,81.61,59,100,18.41,AU,1672628837
381,maunabo,18.0072,-65.8993,76.69,92,16,9.26,PR,1672628838
382,merritt island,28.5392,-80.672,68.04,88,100,3.91,US,1672628830
383,fernley,39.608,-119.2518,32.86,83,10,8.63,US,1672628596
384,taoudenni,22.6783,-3.9836,63.93,15,0,9.17,ML,1672628838
385,maues,-3.3836,-57.7186,73.0,93,88,2.33,BR,1672628839
386,qesarya,32.5189,34.9046,59.34,52,75,28.14,IL,1672628839
387,los llanos de aridane,28.6585,-17.9182,62.35,81,0,8.01,ES,1672628840
388,santa vitoria do palmar,-33.5189,-53.3681,72.97,85,100,3.67,BR,1672628840
389,tezu,27.9167,96.1667,66.72,39,16,2.15,IN,1672628841
390,ambovombe,-25.1667,46.0833,73.67,87,100,4.21,MG,1672628841
391,beckley,37.7782,-81.1882,49.32,93,100,3.44,US,1672628841
392,barao de melgaco,-16.1944,-55.9675,78.13,74,98,4.56,BR,1672628842
393,lakes entrance,-37.8811,147.981,93.16,56,87,7.38,AU,1672628610
394,babstovo,48.1167,132.4833,-1.34,81,47,14.0,RU,1672628842
395,timmins,48.4669,-81.3331,30.99,98,100,6.38,CA,1672628762
396,mahanje,-9.9333,35.3333,60.21,93,46,2.82,TZ,1672628843
397,sai buri,6.7013,101.6168,80.47,69,49,7.0,TH,1672628843
398,shelburne,44.0787,-80.2041,34.75,99,92,9.13,CA,1672628843
399,sao filipe,14.8961,-24.4956,74.57,75,100,5.82,CV,1672628844
400,baijiantan,45.6333,85.1833,6.13,97,96,1.48,CN,1672628844
401,goderich,43.7501,-81.7165,38.91,93,86,11.97,CA,1672628845
402,port shepstone,-30.7414,30.455,66.34,86,15,8.23,ZA,1672628845
403,freeport,40.6576,-73.5832,50.99,80,100,8.05,US,1672628846
404,pingliang,35.5392,106.6861,30.85,24,59,1.39,CN,1672628846
405,moctezuma,29.8,-109.6667,56.07,83,100,11.9,MX,1672628847
406,meulaboh,4.1363,96.1285,80.08,77,58,3.11,ID,1672628847
407,muros,42.7762,-9.0603,46.69,96,12,11.3,ES,1672628847
408,omboue,-1.5746,9.2618,76.91,84,100,3.04,GA,1672628848
409,alice springs,-23.7,133.8833,94.55,41,100,19.57,AU,1672628756
410,pucallpa,-8.3791,-74.5539,73.44,94,40,0.0,PE,1672628848
411,banjar,-8.19,114.9675,83.16,78,100,5.39,ID,1672628849
412,mehamn,71.0357,27.8492,30.15,100,100,2.3,NO,1672628849
413,seoul,37.5683,126.9778,29.59,33,0,11.5,KR,1672628212
414,aswan,24.0934,32.907,53.31,53,0,7.67,EG,1672628850
415,te anau,-45.4167,167.7167,76.14,43,100,1.28,NZ,1672628850
416,tabas,33.5959,56.9244,40.3,37,0,5.53,IR,1672628851
417,port hardy,50.6996,-127.4199,41.36,86,100,14.29,CA,1672628851
418,ottumwa,41.02,-92.4113,36.54,87,0,10.36,US,1672628851
419,eureka,40.8021,-124.1637,44.67,93,62,1.01,US,1672628561
420,benghazi,32.1167,20.0667,57.97,74,0,8.79,LY,1672628852
421,saucillo,28.0167,-105.2833,61.56,34,19,14.07,MX,1672628852
422,bajil,15.0584,43.2851,75.33,85,36,5.32,YE,1672628773
423,kharp,66.8014,65.8081,-17.75,99,100,7.16,RU,1672628853
424,dalvik,65.9702,-18.5286,26.65,70,100,15.57,IS,1672628853
425,bako,5.7833,36.5667,62.82,63,10,4.32,ET,1672628853
426,bushehr,28.9684,50.8385,61.21,64,96,11.61,IR,1672628854
427,araouane,18.9048,-3.5265,60.94,17,0,9.31,ML,1672628854
428,cabo san lucas,22.8909,-109.9124,71.51,74,0,6.91,MX,1672628783
429,lambakin,14.75,120.8667,87.13,69,39,11.16,PH,1672628854
430,blytheville,35.9273,-89.919,62.58,82,100,11.5,US,1672628855
431,cayenne,4.9333,-52.3333,73.44,94,100,3.44,GF,1672628855
432,bireun,5.203,96.7009,80.19,70,59,4.99,ID,1672628856
433,mkuranga,-7.118,39.2078,73.67,89,21,3.53,TZ,1672628856
434,charters towers,-20.1,146.2667,92.7,27,39,12.06,AU,1672628856
435,sioux lookout,50.1001,-91.917,15.24,99,99,3.89,CA,1672628857
436,caconda,-13.7333,15.0667,60.12,97,100,5.08,AO,1672628857
437,maragogi,-9.0122,-35.2225,75.56,89,93,6.38,BR,1672628734
438,zonguldak,41.25,31.8333,37.47,61,0,4.32,TR,1672628858
439,longuenesse,50.734,2.2352,54.59,92,100,9.75,FR,1672628858
440,kuryk,43.2,51.65,45.9,88,100,13.51,KZ,1672628858
441,hobyo,5.3505,48.5268,77.54,79,26,19.91,SO,1672628859
442,payo,-3.7508,103.6372,74.55,91,94,1.63,ID,1672628859
443,alofi,-19.0595,-169.9187,79.18,79,95,19.66,NU,1672628859
444,baoning,25.3378,110.026,55.51,61,72,5.7,CN,1672628860
445,emba,48.8264,58.1442,29.14,96,100,11.43,KZ,1672628860
446,columbus,39.9612,-82.9988,50.81,95,100,4.61,US,1672628848
447,hermiston,45.8404,-119.2895,36.25,88,100,0.0,US,1672628861
448,tigre,-34.426,-58.5796,68.22,95,75,6.91,AR,1672628861
449,pundaguitan,6.3711,126.1689,79.57,79,99,7.76,PH,1672628861
450,livingston,55.9029,-3.5226,34.12,93,0,5.75,GB,1672628862
451,aanekoski,62.6946,25.818,26.67,100,8,11.83,FI,1672628862
452,lae,-6.7221,146.9847,87.6,58,95,10.71,PG,1672628862
453,san rafael,-34.6177,-68.3301,70.66,42,0,5.79,AR,1672628863
454,petropavlovsk-kamchatskiy,53.0452,158.6483,18.19,93,75,11.18,RU,1672628863
455,novoraychikhinsk,49.7798,129.594,-2.87,85,27,9.26,RU,1672628863
456,monteagudo,-19.8167,-63.9833,66.43,96,100,1.68,BO,1672628864
457,la romana,18.4273,-68.9728,71.96,88,20,0.0,DO,1672628864
458,ginda,30.6945,78.4932,43.59,17,0,3.69,IN,1672628865
459,kasungu,-13.0333,33.4833,62.42,97,38,4.0,MW,1672628865
460,karratha,-20.7377,116.8463,95.72,29,77,19.93,AU,1672628866
461,parangan,5.0839,119.9383,82.87,76,94,10.18,PH,1672628866
462,pekalongan,-6.8886,109.6753,81.91,78,100,12.75,ID,1672628866
463,djambala,-2.5447,14.7533,67.84,93,100,2.28,CG,1672628867
464,nemuro,43.3236,145.575,21.88,47,47,22.91,JP,1672628867
465,milan,45.4643,9.1895,52.09,97,100,2.3,IT,1672628725
466,narsaq,60.9167,-46.05,-5.58,65,0,7.56,GL,1672628867
467,srinivaspur,13.3333,78.2167,66.4,70,53,6.64,IN,1672628868
468,nantucket,41.2835,-70.0995,44.71,74,40,14.97,US,1672628868
469,tripoli,32.8752,13.1875,60.26,75,0,5.12,LY,1672628868
470,ndjole,-0.1783,10.7649,73.49,98,100,1.32,GA,1672628869
471,mikuni,36.2171,136.1519,40.5,83,100,14.16,JP,1672628869
472,puerto escondido,15.85,-97.0667,77.83,73,0,0.0,MX,1672628870
473,itoman,26.1247,127.6694,66.58,59,75,11.5,JP,1672628870
474,dharchula,29.85,80.5333,51.76,19,0,1.83,IN,1672628871
475,tamiahua,21.2667,-97.45,71.62,92,55,6.55,MX,1672628587
476,angoche,-16.2325,39.9086,73.74,88,57,5.06,MZ,1672628871
477,sa kaeo,13.75,102.3333,71.29,61,100,5.57,TH,1672628872
478,nagato,34.3833,131.2,47.41,47,8,13.96,JP,1672628872
479,hay river,60.8156,-115.7999,-4.77,98,75,3.87,CA,1672628872
480,ugoofaaru,5.6667,73.0,79.65,72,100,10.02,MV,1672628873
481,krabi,8.0726,98.9105,79.65,66,77,6.82,TH,1672628873
482,sangueya,10.7,-14.3667,68.72,86,38,2.13,GN,1672628874
483,beringovskiy,63.05,179.3167,-12.73,87,75,11.54,RU,1672628874
484,kokoda,-8.8785,147.7407,90.84,49,100,1.39,PG,1672628874
485,farmington,36.7281,-108.2187,38.16,95,100,11.5,US,1672628712
486,winneba,5.3511,-0.6231,73.92,66,7,4.65,GH,1672628875
487,kirundo,-2.5833,30.1667,55.42,95,89,2.57,BI,1672628875
488,huilong,31.8111,121.655,47.93,66,99,11.23,CN,1672628876
489,almeria,37.1667,-2.3333,50.43,43,100,1.7,ES,1672628876
490,boke,10.9409,-14.2967,67.75,87,73,1.32,GN,1672628877
491,gombong,-7.6072,109.5142,85.39,67,97,5.32,ID,1672628877
492,sinnamary,5.3833,-52.95,75.97,89,100,6.69,GF,1672628877
493,kodinsk,58.6881,99.1844,-8.16,90,100,3.29,RU,1672628878
494,cap malheureux,-19.9842,57.6142,78.48,74,32,2.57,MU,1672628878
495,isangel,-19.55,169.2667,89.71,79,75,9.22,VU,1672628878
496,litomerice,50.5335,14.1318,49.26,86,70,3.85,CZ,1672628879
497,aksu,41.1231,80.2644,19.42,46,8,2.44,CN,1672628879
498,dwarka,22.2394,68.9678,69.33,44,26,9.26,IN,1672628880
499,gigmoto,13.7796,124.39,80.31,86,100,11.03,PH,1672628880
500,el rosario,24.2556,-107.1828,63.36,82,3,4.16,MX,1672628880
501,san jeronimito,17.55,-101.3333,74.5,80,100,4.05,MX,1672628881
502,vanimo,-2.6741,141.3028,86.74,64,98,5.37,PG,1672628881
503,gawler,-34.6,138.7333,92.97,39,0,14.25,AU,1672628882
504,williams lake,52.1415,-122.1445,29.26,90,96,7.38,CA,1672628882
505,gazli,40.1333,63.45,32.22,65,30,8.19,UZ,1672628882
506,souillac,-20.5167,57.5167,75.58,83,40,3.44,MU,1672628883
507,mayor pablo lagerenza,-19.9309,-60.7718,81.88,58,62,6.89,PY,1672628883
508,calama,-22.4667,-68.9333,54.09,54,0,6.91,CL,1672628883
509,churapcha,62.0025,132.4325,-33.09,95,100,1.28,RU,1672628884
510,nong khai,17.9167,103.0833,69.17,56,100,4.5,TH,1672628884
511,chaplygin,53.2432,39.9629,43.72,81,100,27.34,RU,1672628884
512,pitimbu,-7.4706,-34.8086,79.39,84,75,9.24,BR,1672628885
513,ixtapa,20.7,-105.2,72.63,83,20,3.44,MX,1672628716
514,kataysk,56.289,62.5841,6.76,94,99,14.12,RU,1672628885
515,sinjar,36.3209,41.8754,42.78,33,0,3.58,IQ,1672628886
516,mayo,38.8876,-76.5119,51.15,89,100,3.44,US,1672628886
517,gibgos,13.859,123.7675,79.36,86,100,9.22,PH,1672628886
518,severnyy,50.677,36.5532,44.64,87,100,13.42,RU,1672628887
519,constitucion,-35.3333,-72.4167,55.31,89,0,11.12,CL,1672628887
520,nyurba,63.2842,118.3319,1.89,94,100,7.07,RU,1672628888
521,shunyi,40.125,116.6453,28.35,31,0,11.18,CN,1672628888
522,pangnirtung,66.1451,-65.7125,-22.43,87,89,5.35,CA,1672628888
523,acapulco,16.8634,-99.8901,78.62,83,75,5.75,MX,1672628889
524,toamasina,-18.1667,49.3833,74.26,83,50,4.27,MG,1672628889
525,bereda,43.2686,-7.5406,45.41,98,70,4.12,ES,1672628889
526,coolum beach,-26.5333,153.1,81.1,73,54,1.99,AU,1672628890
527,bijie,27.3125,105.2942,33.76,99,100,3.62,CN,1672628890
528,yankton,42.8711,-97.3973,34.12,80,100,0.0,US,1672628890
529,touros,-5.1989,-35.4608,77.76,83,99,9.33,BR,1672628793
530,smithers,54.7804,-127.1743,24.76,98,100,2.04,CA,1672628891
531,brewster,41.3973,-73.6171,44.62,78,100,3.44,US,1672628891
532,rosarito,32.3333,-117.0333,56.37,74,98,21.61,MX,1672628869
533,puerto leguizamo,-0.1934,-74.7819,71.69,98,100,1.54,CO,1672628892
534,rumphi,-11.0186,33.8575,62.08,96,78,3.89,MW,1672628892
535,palmerston,-12.486,130.9833,75.18,94,75,25.32,AU,1672628893
536,ningxiang,37.34,111.2052,25.9,36,1,4.74,CN,1672628893
537,carmen,18.6333,-91.8333,78.84,83,0,0.0,MX,1672628893
538,safaga,26.7292,33.9365,63.46,49,0,7.25,EG,1672628894
539,lavrentiya,65.5833,-171.0,-12.51,92,35,12.15,RU,1672628895
540,emerald,-23.5333,148.1667,88.34,41,0,7.7,AU,1672628895
541,cervo,43.6702,-7.4101,50.31,79,40,11.52,ES,1672628895
542,uyar,55.81,94.3153,14.72,96,100,3.87,RU,1672628896
543,boca do acre,-8.7522,-67.3978,69.55,99,100,1.99,BR,1672628851
544,sechura,-5.5569,-80.8222,69.84,73,100,13.06,PE,1672628896
545,kalemie,-5.9475,29.1947,67.73,87,100,6.4,CD,1672628896
546,baymak,52.5933,58.3225,13.44,97,100,8.03,RU,1672628897
547,namwala,-15.7504,26.4384,64.78,97,100,5.73,ZM,1672628897
548,high rock,26.6208,-78.2833,69.82,79,22,6.76,BS,1672628897
549,porosozero,62.7191,32.727,27.32,84,99,15.66,RU,1672628898
550,witbank,-25.8713,29.2332,53.69,82,3,2.13,ZA,1672628898
551,san andres,12.5847,-81.7006,80.62,78,20,12.66,CO,1672628898
552,guerrero negro,27.9769,-114.0611,60.31,66,42,13.47,MX,1672628899
553,kaliningrad,54.7065,20.511,46.45,91,100,5.91,RU,1672628899
554,nadigaon,26.1167,79.0333,52.29,55,14,1.01,IN,1672628900
555,luganville,-15.5333,167.1667,82.58,80,100,11.1,VU,1672628900
556,shenjiamen,29.9576,122.298,47.19,72,100,12.8,CN,1672628900
557,ca mau,9.1769,105.15,77.77,62,100,5.03,VN,1672628901
558,klyuchi,52.2667,79.1667,-0.06,100,99,6.64,RU,1672628901
559,juneau,58.3019,-134.4197,42.22,92,100,24.16,US,1672628833
560,gat,31.61,34.7642,58.08,100,100,21.32,IL,1672628901
561,bodden town,19.2833,-81.25,78.93,81,20,6.91,KY,1672628902
562,san ramon,37.7799,-121.978,53.69,55,0,4.61,US,1672628871
563,wadi musa,30.3222,35.4793,43.52,90,91,16.28,JO,1672628902
564,trinidad,-14.8333,-64.9,74.14,96,100,4.5,BO,1672628903
565,mareeba,-17.0,145.4333,84.92,85,100,4.0,AU,1672628903
566,bonavista,48.6499,-53.1147,33.22,99,100,26.11,CA,1672628786
567,sri aman,1.2376,111.4621,86.31,66,99,1.25,MY,1672628904
568,mopti,14.6667,-4.0,67.69,12,54,8.7,ML,1672628904
569,jalu,29.0331,21.5482,55.51,73,70,5.46,LY,1672628904
